car,down
car,down
car,up
car,up
truck,down
car,down
car,up
car,down
car,down
car,down
car,up
car,up
truck,down
car,down
car,up
car,down
car,down
car,down
car,up
car,up
truck,down
car,down
car,up
car,down
car,up
car,down
car,down
car,down
car,down
car,down
car,up
car,up
car,up
person,down
person,down
person,down
car,down
person,down
person,down
person,up
traffic light,up
person,up
car,down
car,up
car,up
car,up
car,up
car,down
car,up
car,up
car,up
car,down
car,up
car,up
car,up
car,down
car,up
car,up
car,down
person,down
person,down
person,down
person,up
person,down
car,up
car,up
person,down
person,down
person,down
person,down
car,down
car,up
car,up
car,up
car,up
car,up
car,down
car,up
person,down
person,down
car,up
person,down
person,down
person,down
car,up
car,up
car,up
person,down
person,down
car,up
car,up
car,up
car,down
car,up
car,up
car,up
car,down
car,up
car,down
car,down
car,up
car,down
car,down
car,up
car,down
car,up
car,down
car,down
car,down
car,up
car,up
person,down
car,down
traffic light,up
traffic light,down
car,up
traffic light,down
car,up
car,up
person,down
car,up
car,down
car,up
car,up
car,up
car,down
car,up
car,up
car,up
car,up
car,down
car,up
car,up
person,down
car,up
car,up
car,up
car,up
traffic light,down
car,up
car,up
car,up
car,up
car,down
car,up
car,down
car,down
car,down
car,up
car,up
car,up
car,up
car,up
car,up
car,up
car,up
car,up
car,up
car,down
car,up
car,down
car,down
car,down
person,up
car,up
person,down
car,down
car,down
car,up
person,down
person,down
car,up
car,up
car,down
car,down
car,up
car,up
car,up
car,down
car,down
car,down
car,down
car,down
car,up
car,up
car,up
car,up
car,down
car,up
motorcycle,down
car,up
car,down
car,down
car,up
car,down
car,down
car,up
car,up
car,up
person,down
car,down
car,up
car,up
car,down
car,up
car,up
car,down
car,up
car,up
car,up
car,up
car,up
motorcycle,down
car,down
motorcycle,down
motorcycle,up
motorcycle,down
car,up
car,up
car,up
motorcycle,down
motorcycle,down
motorcycle,up
motorcycle,down
car,down
car,up
car,down
car,down
motorcycle,down
car,up
car,down
car,up
car,down
car,up
car,up
car,down
car,down
car,down
car,up
car,down
motorcycle,down
motorcycle,down
motorcycle,down
car,up
car,up
car,up
car,up
car,up
car,down
car,up
car,up
car,up
person,down
car,down
car,up
car,up
car,down
car,down
car,up
car,up
person,down
person,down
car,down
car,down
car,up
car,down
car,down
car,down
car,up
person,down
person,down
person,up
person,down
person,down
person,down
car,up
car,up
car,up
person,down
car,down
car,down
person,down
car,up
car,down
car,up
car,down
car,up
car,up
car,up
car,up
car,down
car,down
car,up
person,down
traffic light,down
car,up
car,down
car,down
car,up
car,down
car,down
person,down
car,up
car,up
car,up
car,up
car,down
car,down
car,down
car,up
car,down
car,down
car,up
car,down
person,down
car,down
person,down
truck,down
car,up
person,down
car,up
car,down
car,up
car,up
car,down
car,down
car,down
car,up
car,up
car,up
car,down
car,down
car,down
car,down
car,up
car,down
car,up
car,down
car,down
car,up
car,up
car,up
car,up
traffic light,up
car,down
car,up
car,up
car,up
car,up
car,down
car,down
car,down
car,down
car,up
car,down
car,down
car,up
car,up
car,up
car,up
car,down
person,down
person,down
car,up
person,down
person,down
person,down
car,down
person,down
person,down
car,up
car,up
person,down
car,down
car,down
car,up
car,down
car,up
person,down
car,down
person,down
car,down
car,down
car,up
car,down
person,down
person,down
car,up
person,down
person,down
person,down
car,down
person,down
person,down
car,up
car,up
car,down
person,down
person,down
car,up
person,down
person,down
person,down
car,down
person,down
person,down
person,down
car,up
car,down
car,up
car,up
car,down
person,down
person,down
car,up
person,down
person,down
person,down
car,up
person,down
car,up
car,down
car,down
person,down
person,down
person,down
person,down
car,down
car,up
car,down
car,up
car,up
car,up
car,up
car,up
car,down
person,down
car,up
car,up
car,up
person,down
car,up
car,down
car,down
car,down
car,down
car,up
car,up
car,down
person,down
car,up
car,up
car,up
person,down
car,down
person,down
car,up
person,down
car,up
car,up
car,down
person,down
person,down
person,down
person,down
person,down
person,down
person,down
car,up
car,up
car,up
car,up
car,up
person,down
person,up
person,up
person,down
car,up
car,down
car,up
car,up
car,down
person,down
person,down
car,up
person,down
person,down
person,down
car,up
person,down
car,up
car,down
car,down
person,down
person,down
person,down
person,down
car,down
car,up
car,down
car,up
car,up
car,up
car,up
car,up
car,down
person,down
car,up
car,up
car,up
person,down
car,up
car,down
car,down
car,down
car,down
car,up
person,down
car,up
car,down
car,up
car,up
car,down
person,down
car,up
car,down
car,up
car,up
car,down
person,down
person,down
car,up
person,down
person,down
person,down
car,up
person,down
car,up
car,down
car,down
person,down
person,down
person,down
person,down
car,down
car,up
car,down
car,up
car,up
car,up
car,up
car,up
car,down
person,down
car,up
car,up
car,up
person,down
car,up
car,down
car,down
car,down
car,down
car,up
car,up
car,down
person,down
car,up
car,up
car,up
person,down
car,down
person,down
car,up
person,down
car,up
car,up
car,down
person,down
person,down
person,down
person,down
person,down
person,down
person,down
car,up
car,up
car,up
car,up
car,up
person,down
person,up
person,up
car,up
car,down
car,down
car,up
person,down
bus,down
person,down
person,down
person,down
car,up
person,down
person,down
bus,up
car,up
car,down
car,down
car,up
person,down
person,down
person,down
car,up
person,down
person,down
car,up
person,up
person,up
boat,down
person,down
car,up
car,up
car,up
car,up
car,up
boat,down
boat,up
person,up
boat,down
car,up
person,down
car,down
car,down
person,down
car,up
car,up
car,up
person,down
person,down
person,up
person,up
car,up
car,up
person,up
person,up
person,up
person,up
person,down
person,down
person,down
person,down
car,up
car,up
person,up
person,up
person,down
person,down
person,up
person,down
car,up
person,down
person,up
person,down
person,down
person,down
car,up
car,down
car,up
car,up
person,down
person,up
cell phone,down
person,up
person,up
car,up
car,up
car,up
bottle,down
car,down
car,down
car,up
car,up
person,down
person,down
person,up
car,up
person,up
car,down
car,up
car,up
car,up
car,down
car,down
car,up
car,down
car,up
car,down
car,up
car,up
person,down
person,down
person,up
car,up
car,down
person,down
car,up
person,down
person,up
person,up
person,down
truck,down
car,up
car,down
person,down
car,up
car,up
person,down
car,down
car,up
car,down
car,up
car,up
car,down
car,down
car,up
car,up
car,down
car,up
car,down
car,up
car,up
car,up
person,down
person,down
person,down
car,up
car,up
person,down
car,up
person,down
person,down
person,down
person,down
car,down
person,down
car,up
person,down
car,down
person,down
car,up
car,up
car,up
car,up
person,down
person,up
car,down
car,down
person,down
car,up
car,up
person,down
car,up
car,up
person,down
person,down
car,up
car,up
car,up
bus,down
bus,down
bus,down
bus,down
bus,down
bus,down
person,up
car,up
car,up
car,up
bus,down
person,up
person,up
person,up
person,down
car,down
car,down
car,up
car,down
person,up
person,up
car,up
person,down
person,down
person,down
car,up
person,down
car,up
person,down
person,down
person,down
person,down
car,up
car,up
car,down
car,down
car,up
car,down
car,up
car,down
car,up
car,up
car,up
car,up
car,up
car,up
car,up
car,down
car,up
person,up
car,up
car,up
car,up
car,up
car,up
car,down
car,down
car,up
car,down
car,down
car,down
person,down
car,down
car,up
car,up
car,up
car,down
car,up
car,up
car,up
person,down
car,up
car,up
person,up
person,down
car,down
car,up
car,up
car,up
car,up
person,down
person,down
car,up
person,down
car,up
car,up
car,up
car,up
car,up
person,down
person,down
person,down
car,up
car,down
person,down
car,down
car,down
car,down
car,up
person,up
car,up
person,down
car,down
person,up
car,down
person,up
person,down
car,down
person,up
person,down
car,down
person,down
car,up
car,up
person,down
car,up
car,down
car,down
car,up
car,up
car,down
car,up
car,up
person,down
person,down
person,down
car,down
car,up
car,down
car,up
car,up
car,up
car,up
person,down
car,up
car,up
car,up
person,down
person,up
car,up
person,down
car,up
car,up
person,down
car,up
car,down
person,down
person,down
person,down
person,up
car,up
car,up
car,up
car,up
person,up
car,up
car,down
car,down
car,up
car,down
car,up
car,up
car,up
car,up
car,up
car,down
car,down
car,up
car,down
car,up
car,up
car,up
car,down
car,down
car,down
car,up
car,up
car,up
car,up
car,up
car,down
car,down
car,up
car,down
person,down
car,up
bus,down
car,down
car,down
bus,down
car,up
bus,down
person,down
car,down
car,down
car,up
car,up
car,down
car,up
car,down
car,down
person,down
car,up
car,down
car,up
car,down
car,up
person,up
person,down
person,down
car,up
person,down
car,up
car,up
car,down
car,up
car,up
car,down
car,down
car,up
car,up
car,up
car,up
car,up
person,down
car,down
car,down
person,down
car,up
car,up
car,down
person,down
car,up
person,down
person,down
car,up
person,down
person,down
car,up
car,up
person,down
person,down
person,down
person,down
person,down
person,down
car,down
car,down
car,up
car,down
car,down
car,down
car,up
car,up
car,up
car,down
car,up
car,up
person,down
person,down
person,up
person,down
person,up
person,down
car,up
person,down
car,up
car,up
person,down
car,down
person,down
person,down
car,up
car,down
car,up
car,up
car,up
person,up
person,down
person,down
car,up
car,up
car,up
person,down
person,down
person,down
car,up
car,up
car,up
car,up
car,up
car,down
car,up
car,up
car,down
car,up
car,down
car,up
car,down
car,up
car,down
car,up
car,up
person,down
car,up
car,up
car,up
car,down
car,up
car,down
car,down
car,up
person,up
person,down
car,up
person,down
person,down
car,up
car,up
car,up
car,up
car,down
car,down
person,up
car,up
car,down
bus,down
bus,down
car,up
bus,down
car,up
car,up
car,up
car,up
bus,down
person,up
person,down
car,down
car,down
person,down
bus,down
car,up
car,up
car,up
car,up
car,down
car,down
car,up
car,up
car,up
car,up
car,down
car,down
person,down
person,down
person,down
person,down
bus,up
bus,up
bus,up
bus,up
bus,up
bus,up
bus,down
car,up
person,down
person,down
person,down
car,up
car,up
car,up
car,down
car,up
car,down
car,down
car,down
car,up
car,up
car,down
car,up
car,up
person,down
car,up
car,up
car,down
car,up
car,up
car,up
car,down
car,up
car,down
person,up
person,down
car,up
car,down
car,down
car,up
person,down
person,down
person,down
car,up
car,down
car,down
car,down
car,down
car,up
car,up
car,up
car,up
car,down
car,down
car,down
car,down
car,down
car,down
car,up
car,up
car,up
car,up
car,up
car,up
car,up
car,down
car,down
car,up
traffic light,down
car,down
car,up
car,up
traffic light,down
traffic light,down
traffic light,down
traffic light,down
car,down
car,up
traffic light,down
car,up
car,down
car,down
car,down
car,up
car,down
car,up
car,down
car,down
person,down
car,down
car,down
car,down
car,down
car,down
car,up
car,down
car,up
car,down
traffic light,down
traffic light,down
car,up
traffic light,down
car,up
traffic light,down
car,up
traffic light,down
car,down
car,up
person,down
car,up
car,up
person,down
person,down
person,down
car,up
car,up
car,up
person,down
person,down
person,down
car,down
person,down
person,down
person,down
person,up
traffic light,up
car,down
person,down
person,up
person,up
person,down
person,up
car,up
traffic light,up
car,up
car,down
car,down
person,down
person,up
person,down
traffic light,down
car,up
traffic light,down
car,up
car,up
car,up
car,down
car,down
car,up
car,down
car,up
car,up
car,up
person,down
person,down
person,down
person,down
person,up
person,down
person,up
person,down
car,up
person,down
car,up
car,up
person,down
person,down
person,down
person,up
car,down
car,up
car,up
person,down
person,down
person,down
car,up
car,up
car,up
person,down
car,up
car,down
car,up
car,up
car,down
car,down
car,down
car,down
car,up
car,up
car,up
car,up
car,down
car,down
car,down
car,down
car,down
car,down
car,up
car,up
car,up
car,up
car,up
car,up
car,up
car,down
car,down
car,up
traffic light,down
car,down
car,up
car,up
traffic light,down
traffic light,down
traffic light,down
traffic light,down
car,down
car,up
traffic light,down
car,up
car,down
car,down
car,down
car,up
car,down
car,up
car,down
car,down
person,down
car,down
car,down
car,down
car,down
car,down
car,up
car,down
car,up
car,down
traffic light,down
traffic light,down
car,up
traffic light,down
car,up
traffic light,down
car,up
traffic light,down
car,down
car,up
person,down
car,up
car,up
person,down
person,down
person,down
car,up
car,up
car,up
person,down
person,down
person,down
car,down
person,down
person,down
person,down
person,up
traffic light,up
car,down
person,down
person,up
person,up
person,down
person,up
car,up
traffic light,up
car,up
car,down
car,down
person,down
person,up
person,down
traffic light,down
car,up
traffic light,down
car,up
car,up
car,up
car,down
car,down
car,up
car,down
car,up
car,up
car,up
person,down
person,down
person,down
person,down
person,up
person,down
person,up
person,down
car,up
person,down
car,up
car,up
person,down
person,down
person,down
person,up
car,down
car,up
car,up
person,down
person,down
person,down
car,up
car,up
car,up
person,down
car,up
car,down
car,up
car,down
car,down
car,up
car,up
car,up
person,down
car,up
car,down
car,up
person,down
car,up
car,up
car,down
car,up
car,down
car,down
car,down
car,down
car,up
car,up
car,up
person,down
person,down
car,down
car,down
car,down
car,up
car,down
car,up
car,up
car,down
car,up
car,down
car,up
car,down
traffic light,down
car,up
car,up
car,up
car,up
car,up
car,down
car,up
car,up
car,up
car,up
car,down
car,up
car,up
motorcycle,down
car,up
car,up
car,down
car,down
car,up
car,up
traffic light,down
traffic light,down
traffic light,down
car,down
car,down
car,down
car,up
car,up
car,down
car,down
car,down
car,down
car,up
person,down
car,up
car,up
car,down
car,down
car,up
car,up
car,up
car,down
car,down
car,down
car,up
car,up
car,up
car,down
car,up
car,up
car,up
car,down
car,up
car,up
car,down
person,down
person,down
person,down
person,up
person,down
car,up
car,down
person,down
person,down
car,up
person,down
person,up
person,down
person,down
person,down
person,up
person,down
person,down
car,up
car,down
person,down
person,up
car,up
car,down
person,down
person,up
person,down
car,down
car,up
person,down
person,down
car,down
car,up
person,down
person,down
person,down
person,down
car,down
person,down
car,up
car,up
car,down
person,down
motorcycle,down
car,up
car,up
car,down
car,up
car,up
car,down
car,down
car,up
car,down
car,up
person,down
car,up
car,up
car,up
person,up
car,up
person,down
car,up
car,up
car,up
car,up
car,up
car,up
car,down
car,up
person,down
person,down
car,up
person,down
person,down
person,down
car,up
car,up
car,down
car,up
person,down
person,down
car,up
person,down
person,down
person,down
person,down
person,down
person,up
person,down
person,down
person,down
person,down
traffic light,up
person,down
car,up
car,up
person,down
person,down
car,up
person,down
car,up
car,up
car,down
car,down
car,up
person,down
car,up
car,down
car,down
car,down
car,down
car,down
car,up
car,up
car,down
car,down
car,up
car,up
car,up
car,up
car,up
car,down
car,up
car,down
car,up
car,down
car,down
car,down
car,up
car,up
car,down
car,down
car,up
car,up
car,down
car,up
car,up
car,down
car,up
car,up
car,up
car,down
car,down
car,up
car,down
car,up
car,down
car,up
car,down
car,down
car,up
car,down
car,up
car,up
person,down
car,down
traffic light,up
traffic light,down
car,up
traffic light,down
car,up
car,up
person,down
car,up
car,down
car,up
car,up
car,up
traffic light,down
traffic light,down
car,up
traffic light,down
car,up
traffic light,down
car,up
car,up
car,down
car,up
car,up
car,up
car,up
car,down
car,up
car,up
person,down
car,up
car,up
car,up
car,up
traffic light,down
car,up
car,up
car,up
car,up
car,down
car,up
car,down
car,down
car,down
car,up
car,up
car,up
car,up
car,up
car,up
car,up
car,up
car,up
car,up
car,down
car,up
car,up
car,down
car,down
car,down
car,down
car,up
car,down
car,up
car,down
car,up
car,up
car,down
car,up
car,down
car,up
car,up
car,down
car,up
car,up
car,up
car,up
car,up
car,up
car,up
car,up
car,up
car,up
car,up
traffic light,down
car,up
car,down
car,up
car,down
car,up
car,down
car,up
car,down
car,down
car,up
car,up
car,down
car,up
person,down
person,down
person,down
car,up
car,up
car,up
car,up
car,up
car,down
car,down
person,down
car,up
car,up
person,down
car,up
car,down
car,up
car,up
car,down
person,down
car,up
car,up
car,up
car,up
car,up
car,up
car,up
car,up
person,down
car,up
person,down
car,up
car,down
car,down
car,down
car,up
car,up
car,down
car,down
car,down
car,up
car,down
car,up
car,down
car,up
car,down
car,down
car,down
car,up
car,up
car,down
car,up
car,up
car,down
car,down
car,down
car,up
person,down
person,down
car,up
car,up
car,down
car,down
car,up
person,down
car,down
car,up
car,up
car,down
car,down
car,down
car,down
car,up
car,up
car,up
car,up
car,down
car,down
car,down
car,down
car,down
car,down
car,up
car,up
car,up
car,up
car,up
car,up
car,up
car,down
car,down
car,up
traffic light,down
car,down
car,up
car,up
traffic light,down
traffic light,down
traffic light,down
traffic light,down
car,down
car,up
traffic light,down
car,up
car,down
car,down
car,down
car,up
car,down
car,up
car,down
car,down
person,down
car,down
car,down
car,down
car,down
car,down
car,up
car,down
car,up
car,down
traffic light,down
traffic light,down
car,up
traffic light,down
car,up
traffic light,down
car,up
traffic light,down
car,down
car,up
person,down
car,up
car,up
person,down
person,down
person,down
car,up
car,up
car,up
person,down
person,down
person,down
car,down
person,down
person,down
person,down
person,up
traffic light,up
car,down
person,down
person,up
person,up
person,down
person,up
car,up
traffic light,up
car,up
car,down
car,down
person,down
person,up
person,down
traffic light,down
car,up
traffic light,down
car,up
car,up
car,up
car,down
car,down
car,up
car,down
car,up
car,up
car,up
person,down
person,down
person,down
person,down
person,up
person,down
person,up
person,down
car,up
person,down
car,up
car,up
person,down
person,down
person,down
person,up
car,down
car,up
car,up
person,down
person,down
person,down
car,up
car,up
car,up
person,down
car,up
car,down
car,up
car,down
car,down
car,up
car,up
car,up
person,down
car,up
car,down
car,up
person,down
car,up
car,up
car,down
car,up
car,down
car,down
car,down
car,down
car,up
car,up
car,up
person,down
person,down
car,down
car,down
car,down
car,up
car,down
car,up
car,up
car,down
car,up
car,down
car,up
car,down
traffic light,down
car,up
car,up
car,up
car,up
car,up
car,down
car,up
car,up
car,up
car,up
car,down
car,up
car,up
motorcycle,down
car,up
car,up
car,down
car,down
car,up
car,up
traffic light,down
traffic light,down
traffic light,down
car,down
car,down
car,down
car,up
car,up
car,down
car,down
car,down
car,down
car,up
person,down
car,up
car,up
car,down
car,down
car,up
car,up
car,up
car,down
car,down
car,down
car,up
car,up
car,up
car,down
car,up
car,up
car,up
car,down
car,up
car,up
car,down
person,down
person,down
person,down
person,up
person,down
car,up
car,down
person,down
person,down
car,up
person,down
person,up
car,up
car,down
car,down
car,down
car,down
car,up
car,up
car,up
car,up
car,down
car,down
car,down
car,down
car,down
car,down
car,up
car,up
car,up
car,up
car,up
car,up
car,up
car,down
car,down
car,up
traffic light,down
car,down
car,up
car,up
traffic light,down
traffic light,down
traffic light,down
traffic light,down
car,down
car,up
traffic light,down
car,up
car,down
car,down
car,down
car,up
car,down
car,up
car,down
car,down
person,down
car,down
car,down
car,down
car,down
car,down
car,up
car,down
car,up
car,down
traffic light,down
traffic light,down
car,up
traffic light,down
car,up
traffic light,down
car,up
traffic light,down
car,down
car,up
person,down
car,up
car,up
person,down
person,down
person,down
car,up
car,up
car,up
person,down
person,down
person,down
car,down
person,down
person,down
person,down
person,up
traffic light,up
car,down
person,down
person,up
person,up
person,down
person,up
car,up
traffic light,up
car,up
car,down
car,down
person,down
person,up
person,down
traffic light,down
car,up
traffic light,down
car,up
car,up
car,up
car,down
car,down
car,up
car,down
car,up
car,up
car,up
person,down
person,down
person,down
person,down
person,up
person,down
person,up
person,down
car,up
person,down
car,up
car,up
person,down
person,down
person,down
person,up
car,down
car,up
car,up
person,down
person,down
person,down
car,up
car,up
car,up
person,down
car,up
car,down
car,up
car,down
car,down
car,up
car,up
car,up
person,down
car,up
car,down
car,up
person,down
car,up
car,up
car,down
car,up
car,down
car,down
car,down
car,down
car,up
car,up
car,up
person,down
person,down
car,down
car,down
car,down
car,up
car,down
car,up
car,up
car,down
car,up
car,down
car,up
car,down
traffic light,down
car,up
car,up
car,up
car,up
car,up
car,down
car,up
car,up
car,up
car,up
car,down
car,up
car,up
motorcycle,down
car,up
car,up
car,down
car,down
car,up
car,up
traffic light,down
traffic light,down
traffic light,down
car,down
car,down
car,down
car,up
car,up
car,down
car,down
car,down
car,down
car,up
person,down
car,up
car,up
car,down
car,down
car,up
car,up
car,up
car,down
car,down
car,down
car,up
car,up
car,up
car,down
car,up
car,up
car,up
car,down
car,up
car,up
car,down
person,down
person,down
person,down
person,up
person,down
car,up
car,down
person,down
person,down
car,up
person,down
person,up
person,down
person,down
person,down
person,up
person,down
person,down
car,up
car,down
person,down
person,up
car,up
car,down
person,down
person,up
person,down
car,down
car,up
person,down
person,down
car,down
car,up
person,down
person,down
person,down
person,down
car,down
person,down
car,up
car,up
car,down
person,down
motorcycle,down
car,up
car,up
car,down
car,up
car,up
car,down
car,down
car,up
car,down
car,up
person,down
car,up
car,up
car,up
person,up
car,up
person,down
car,up
car,up
car,up
car,up
car,up
car,up
car,down
car,up
person,down
person,down
car,up
person,down
person,down
person,down
car,up
car,up
car,down
car,up
person,down
person,down
car,up
person,down
person,down
person,down
person,down
person,down
person,up
person,down
person,down
person,down
person,down
traffic light,up
person,down
car,up
car,up
person,down
person,down
car,up
person,down
car,up
car,up
car,down
car,down
car,up
person,down
car,up
car,down
car,down
car,down
car,down
car,down
car,up
car,up
car,down
car,down
car,up
car,up
car,up
car,up
car,up
car,down
car,up
car,down
car,up
car,down
car,down
car,down
car,up
car,up
car,down
car,down
car,up
car,up
car,down
car,up
car,up
car,down
car,up
car,up
car,up
car,down
car,down
car,up
car,down
car,up
car,down
car,up
car,down
car,down
car,up
car,down
car,up
car,up
person,down
car,down
traffic light,up
traffic light,down
car,up
traffic light,down
car,up
car,up
person,down
car,up
car,down
car,up
car,up
car,up
traffic light,down
traffic light,down
car,up
traffic light,down
car,up
traffic light,down
car,up
car,up
car,down
car,up
car,up
car,up
car,up
car,down
car,up
car,up
person,down
car,up
car,up
car,up
car,up
traffic light,down
car,up
car,up
car,up
car,up
car,down
car,up
car,down
car,down
car,down
car,up
car,up
car,up
car,up
car,up
car,up
car,up
car,up
car,up
car,up
car,down
car,up
car,up
car,down
car,down
car,down
car,down
car,up
car,down
car,up
car,down
car,up
car,up
car,down
car,up
car,down
car,up
car,up
car,down
car,up
car,up
car,up
car,up
car,up
car,up
car,up
car,up
car,up
car,up
car,up
traffic light,down
car,up
car,down
car,up
car,down
car,up
car,down
car,up
car,down
car,down
car,up
car,up
car,down
car,up
person,down
person,down
person,down
car,up
car,up
car,up
car,up
car,up
car,down
car,down
person,down
car,up
car,up
person,down
car,up
car,down
car,up
car,up
car,down
person,down
car,up
car,up
car,up
car,up
car,up
car,up
car,up
car,up
person,down
car,up
person,down
car,up
car,down
car,down
car,down
car,up
car,up
car,down
car,down
car,down
car,up
car,down
car,up
car,down
car,up
car,down
car,down
car,down
car,up
car,up
car,down
car,up
car,up
car,down
car,down
car,down
car,up
person,down
person,down
car,up
car,up
car,down
car,down
car,up
person,down
car,down
car,up
car,up
car,up
car,up
car,up
car,up
car,up
car,up
car,down
car,down
car,down
car,down
car,up
car,up
car,up
car,up
car,up
person,down
car,up
car,down
car,up
car,down
car,down
car,down
car,up
car,up
car,up
car,down
car,up
car,down
car,up
car,up
car,up
car,down
car,up
car,down
car,down
car,down
car,down
car,up
car,up
car,down
car,down
car,up
car,down
car,down
car,down
car,up
car,up
car,down
car,down
car,up
car,up
car,down
car,down
car,up
person,down
car,down
car,up
car,down
car,down
car,up
car,up
car,down
car,down
car,up
car,down
car,down
car,down
car,up
car,up
car,down
car,down
car,down
car,up
car,down
car,up
car,down
car,up
car,up
car,down
car,down
car,down
car,up
car,up
car,down
car,up
car,up
car,up
car,up
motorcycle,down
car,up
car,down
car,down
car,down
motorcycle,down
car,up
car,down
car,up
traffic light,down
person,down
car,up
car,up
car,down
car,up
car,up
motorcycle,down
car,up
motorcycle,down
car,up
car,up
person,down
car,up
car,up
car,down
person,down
person,down
person,down
person,down
car,up
car,up
car,up
car,up
car,down
car,up
car,up
car,up
car,down
car,down
car,down
car,down
car,down
car,down
car,down
car,down
car,up
car,up
person,down
car,down
car,down
car,up
car,down
car,down
car,down
car,up
car,down
car,down
car,up
person,down
car,up
car,up
car,down
car,up
car,up
car,down
car,down
car,up
person,down
person,up
car,up
person,down
person,up
person,down
car,up
person,down
car,up
car,up
car,down
car,up
car,down
traffic light,up
traffic light,up
person,up
car,down
car,down
car,down
traffic light,up
car,down
car,up
car,down
car,down
car,up
car,up
car,up
car,up
car,down
car,down
car,down
car,down
car,down
car,down
car,down
car,down
traffic light,down
car,up
motorcycle,down
car,up
car,up
motorcycle,down
car,up
car,up
car,down
car,down
car,up
person,up
car,down
person,up
car,down
car,down
car,down
person,down
motorcycle,up
car,up
car,down
car,up
car,up
car,up
car,down
car,up
car,down
car,down
car,down
car,down
car,up
car,down
car,down
car,down
person,up
car,down
car,up
car,up
motorcycle,down
motorcycle,down
car,down
motorcycle,down
motorcycle,down
motorcycle,up
person,up
person,down
person,down
person,up
car,up
car,up
car,up
car,up
car,up
car,up
car,up
person,down
car,up
person,down
car,up
car,up
car,up
car,up
car,up
person,down
person,down
person,up
car,down
car,down
car,up
person,down
person,down
person,down
person,up
car,down
car,up
car,up
person,down
car,down
car,down
person,up
car,up
person,down
car,down
person,down
person,down
car,down
person,up
person,down
person,up
person,up
person,down
car,down
motorcycle,down
motorcycle,down
motorcycle,down
car,up
car,up
car,down
car,up
car,down
car,up
person,down
car,down
person,up
car,up
person,up
car,down
car,up
car,up
car,up
car,down
car,up
car,up
car,up
car,up
car,up
car,down
car,up
car,up
car,up
car,up
person,down
person,down
car,down
car,down
car,up
person,down
person,down
car,up
car,up
person,down
car,up
person,down
car,up
car,down
car,down
car,down
car,down
car,down
car,down
car,up
car,up
car,up
car,up
car,up
car,down
car,down
car,down
car,down
car,down
car,down
car,up
car,up
car,up
car,up
car,down
truck,down
car,up
car,up
car,up
car,up
car,up
car,up
motorcycle,down
car,up
car,up
car,down
car,down
car,up
car,down
car,down
car,up
car,up
car,up
person,down
car,down
car,up
car,up
car,down
motorcycle,down
car,down
car,down
car,down
car,up
car,up
car,down
car,up
car,up
motorcycle,down
car,up
car,up
car,down
car,up
car,up
car,up
car,up
car,up
car,up
car,up
car,up
car,up
car,up
car,up
motorcycle,down
car,up
motorcycle,down
car,down
motorcycle,down
motorcycle,up
motorcycle,down
car,up
car,up
motorcycle,down
car,up
car,up
car,up
motorcycle,down
motorcycle,down
motorcycle,up
motorcycle,down
motorcycle,down
motorcycle,down
car,down
car,up
car,down
car,down
motorcycle,down
car,up
car,down
car,up
car,down
motorcycle,down
car,down
car,down
car,down
car,up
car,up
car,up
car,down
car,down
car,down
car,up
car,up
car,up
car,down
car,up
car,down
car,up
car,up
car,down
person,down
car,down
car,down
car,down
car,down
car,down
car,down
car,up
car,down
car,up
car,up
person,down
car,up
car,down
car,up
car,down
car,up
car,up
car,down
car,down
car,up
car,up
car,down
car,down
car,up
car,down
car,up
traffic light,down
car,down
car,down
car,up
car,down
car,down
car,down
person,down
car,up
car,up
car,up
car,down
car,down
motorcycle,down
car,up
car,down
motorcycle,down
motorcycle,down
motorcycle,down
car,up
car,up
car,up
car,down
car,down
car,up
car,up
car,up
car,down
car,up
car,up
car,up
person,down
car,down
car,up
car,up
car,down
car,down
car,up
car,up
person,down
person,down
car,down
car,down
car,up
car,down
car,down
car,down
car,up
person,down
person,down
person,up
person,down
person,down
person,down
car,up
car,up
car,down
motorcycle,down
car,down
car,down
car,up
car,up
car,down
motorcycle,up
car,up
motorcycle,up
motorcycle,up
car,up
motorcycle,up
motorcycle,down
car,down
motorcycle,down
car,up
car,up
car,up
car,up
car,up
car,up
person,down
car,up
car,up
car,up
car,up
car,up
car,down
person,down
car,up
car,down
car,up
car,up
car,up
car,down
car,down
car,up
car,up
car,up
car,down
car,up
car,down
car,down
car,down
car,down
car,down
motorcycle,down
car,up
car,down
car,up
car,down
car,down
car,down
car,down
car,down
motorcycle,down
car,up
motorcycle,down
car,up
motorcycle,down
car,up
car,up
car,up
car,up
car,up
car,up
motorcycle,down
car,down
car,up
car,up
car,up
car,up
person,down
car,up
car,up
car,up
car,up
car,up
car,up
car,up
car,up
car,up
car,up
car,up
car,down
car,up
car,up
car,up
car,up
car,up
person,down
car,up
car,up
car,down
car,down
person,down
car,up
car,down
car,up
car,down
car,up
car,up
car,up
car,up
car,up
car,up
car,down
car,down
car,up
person,down
traffic light,down
car,up
car,up
car,up
car,down
person,down
person,down
car,down
car,up
car,up
person,down
person,down
car,down
car,up
car,down
car,down
car,down
car,up
car,down
car,up
car,down
car,down
person,down
car,up
car,up
car,up
person,down
car,down
car,up
car,up
car,up
car,up
car,up
car,up
car,up
person,down
car,up
car,up
car,up
car,up
car,up
car,up
car,up
car,up
car,up
car,up
car,up
car,up
car,up
car,down
car,up
car,up
car,up
car,up
car,down
car,up
car,up
car,up
car,down
car,down
car,down
car,down
car,down
car,up
bus,down
car,down
car,down
car,up
car,up
car,up
car,up
car,down
person,down
car,down
car,up
car,down
car,up
car,up
car,down
car,down
car,up
car,down
car,up
car,up
car,up
car,up
car,down
car,up
car,up
truck,down
person,down
truck,down
car,up
person,down
car,up
person,down
person,down
car,up
car,up
car,down
person,down
car,down
car,down
car,up
car,down
car,up
person,down
car,up
car,down
car,up
car,up
car,down
person,down
person,up
person,up
person,up
car,up
person,down
car,up
car,down
car,up
car,up
car,up
car,up
person,down
person,up
car,up
car,up
person,down
car,up
person,down
person,up
person,down
person,down
person,down
person,down
person,down
car,down
person,down
car,up
car,up
car,up
car,up
car,down
car,up
car,up
car,up
car,up
car,down
car,down
car,up
person,down
car,down
car,up
car,up
car,down
car,down
car,down
car,down
car,down
car,up
car,up
car,up
car,up
car,up
car,up
car,up
car,up
car,down
car,up
car,up
car,up
car,down
car,up
person,down
car,up
car,up
car,down
car,up
car,up
car,down
car,up
car,down
car,down
car,down
car,down
car,up
car,down
car,down
car,down
car,down
person,down
person,down
person,down
car,down
person,down
person,down
car,up
car,up
car,up
car,down
car,up
car,down
car,up
car,down
car,down
car,down
car,down
person,down
car,down
car,up
car,up
car,down
car,down
car,down
car,up
car,up
car,up
car,up
car,up
car,down
car,down
car,down
car,down
car,up
car,down
car,up
car,down
car,down
car,down
car,up
car,down
car,up
car,down
car,up
car,up
car,up
car,up
car,down
car,up
car,up
person,down
car,up
car,down
car,up
car,down
car,down
car,up
car,up
car,up
car,up
car,up
car,up
person,up
car,up
person,down
car,up
car,up
car,up
car,up
car,down
car,up
car,down
car,up
car,up
car,up
car,up
car,down
car,down
car,down
car,down
car,up
car,up
car,down
car,down
car,up
car,up
car,down
car,up
person,down
car,up
car,up
car,up
car,up
car,down
car,down
car,up
car,up
car,down
person,up
car,down
car,down
car,down
car,up
car,up
truck,up
car,down
car,down
car,down
car,down
car,down
car,up
person,down
car,down
car,down
car,up
person,down
car,up
car,up
boat,down
car,up
car,down
car,down
truck,down
car,up
traffic light,down
car,up
car,up
car,down
car,up
car,down
car,up
car,up
car,down
car,down
car,down
car,up
car,up
car,up
car,down
car,up
car,down
car,up
car,up
car,down
car,up
car,down
car,up
car,up
car,up
car,up
person,down
person,down
person,down
person,down
car,up
car,up
car,down
car,up
car,up
car,up
car,down
car,up
car,up
car,up
car,down
car,up
person,down
person,down
car,up
car,up
car,down
person,down
car,down
car,down
car,down
car,down
person,down
car,up
person,down
car,up
person,down
person,down
person,down
car,up
car,up
car,down
car,down
car,down
car,down
car,up
car,up
car,down
car,up
car,down
car,up
car,down
car,down
car,down
person,down
car,up
car,down
car,down
car,down
car,down
car,up
car,up
traffic light,down
car,down
car,down
car,up
car,up
car,up
car,down
car,up
car,up
car,up
car,down
car,down
car,down
car,down
car,down
person,down
car,up
car,down
car,up
car,down
car,down
car,up
car,up
car,up
car,down
car,down
car,up
car,up
car,up
car,down
car,up
car,down
car,down
person,down
car,down
car,down
person,down
person,down
person,down
person,down
car,up
traffic light,down
car,up
car,down
car,up
traffic light,down
car,up
car,up
car,down
car,up
car,up
traffic light,down
car,up
car,up
car,down
car,down
car,down
car,down
car,up
traffic light,up
car,down
car,up
car,up
car,up
car,up
car,down
car,down
car,down
car,down
car,up
car,down
car,down
car,up
car,up
car,up
car,down
car,up
car,down
car,up
car,up
car,down
car,down
car,up
car,up
person,down
car,up
car,up
car,up
car,down
car,up
car,down
car,down
car,down
car,up
car,up
car,down
car,up
traffic light,down
traffic light,up
car,down
car,down
car,down
person,down
car,down
traffic light,down
car,down
car,up
car,down
car,down
car,down
car,up
car,down
car,down
car,down
person,down
car,up
car,down
car,down
car,up
car,down
car,down
car,down
car,up
car,down
car,down
car,down
car,up
car,up
car,up
car,down
car,down
car,up
car,up
car,up
car,up
car,down
car,up
car,down
car,down
car,up
car,down
car,down
car,down
car,up
person,up
car,down
car,up
car,down
car,down
car,up
car,up
car,down
person,down
car,up
car,up
